Propietario,Marcas_Carro,Modelo
Juarez,Toyota,2025
Franklin,Honda,2028
Wong,Honda,2029
Atkins,Honda,2027
Dunlap,Volkswagen,2026
Burt,Honda,2030
Cortez,Nissan,2029
Sims,Mercedes-Benz,2028
Contreras,Toyota,2026
Parker,BMW,2027
Freeman,Nissan,2025
Petty,Nissan,2030
Hicks,Nissan,2030
Stein,Nissan,2025
Mcgowan,Toyota,2026
Cochran,Nissan,2028
Allison,Ford,2028
Velasquez,BMW,2027
Berger,Volkswagen,2028
Landry,BMW,2027
Carpenter,BMW,2027
Kirkland,Honda,2029
Russell,Volkswagen,2025
Wagner,Honda,2028
Burris,Mercedes-Benz,2029
Pace,Nissan,2025
Ayers,Volkswagen,2025
Wilson,Nissan,2026
Blackwell,Ford,2025
Mccarthy,Volkswagen,2029
Weaver,Volkswagen,2025
Bright,Mercedes-Benz,2026
Fletcher,Mercedes-Benz,2028
Lynch,Honda,2028
Caldwell,Nissan,2025
Dale,Volkswagen,2029
Mercer,Toyota,2028
Parks,Ford,2025
Durham,BMW,2027
Rasmussen,Volkswagen,2029
Olsen,BMW,2029
Mooney,Ford,2030
Rhodes,BMW,2028
Ramos,Honda,2029
Wooten,Mercedes-Benz,2025
Stein,Volkswagen,2030
Stafford,BMW,2027
Hobbs,Ford,2030
Ratliff,Honda,2027
Barron,Ford,2026
Dodson,Ford,2027
Roberts,Honda,2025
Goodman,BMW,2030
Robbins,Honda,2028
Carrillo,Mercedes-Benz,2030
Rivers,Ford,2030
Clemons,Ford,2028
Everett,Volkswagen,2028
Short,BMW,2029
Flynn,BMW,2028
Clements,Toyota,2028
Davis,BMW,2029
Ferrell,Toyota,2030
Thornton,Nissan,2026
Villarreal,BMW,2027
Mitchell,Nissan,2025
Gill,Toyota,2029
Carson,BMW,2026
Steele,Ford,2030
Melton,Volkswagen,2026
Camacho,Mercedes-Benz,2026
Le,Mercedes-Benz,2029
Horn,Volkswagen,2028
Vaughn,Volkswagen,2025
House,Mercedes-Benz,2027
Burns,Mercedes-Benz,2028
Flowers,Nissan,2030
Mckinney,Ford,2026
Moon,Ford,2029
Kaufman,BMW,2025
Gaines,Mercedes-Benz,2027
Melendez,Toyota,2025
Bennett,Volkswagen,2025
Brennan,Mercedes-Benz,2027
Brady,Mercedes-Benz,2029
Fields,Ford,2026
Stanley,Ford,2029
Leon,Mercedes-Benz,2025
Mcfadden,BMW,2030
Mccray,Mercedes-Benz,2026
Kirby,BMW,2027
Patterson,Mercedes-Benz,2029
Todd,Mercedes-Benz,2030
Moreno,Ford,2027
Dudley,Toyota,2028
Rodriguez,Honda,2027
Riley,BMW,2026
Hartman,Volkswagen,2028
Shaffer,Mercedes-Benz,2025
Fleming,Honda,2025
